firstname,lastname,age,email
youssef,elmessbahi,22,elmessbahiyoussef@gmail.com
John,Doe,30,john.doe@example.com
Alice,Smith,25,alice.smith@example.com
Bob,Johnson,35,bob.johnson@example.com
Emily,Williams,28,emily.williams@example.com
Michael,Jones,40,michael.jones@example.com
Sophia,Brown,22,sophia.brown@example.com
Daniel,Miller,33,daniel.miller@example.com
Olivia,Davis,29,olivia.davis@example.com
William,Moore,45,william.moore@example.com
Ella,Anderson,27,ella.anderson@example.com
David,Wilson,32,david.wilson@example.com
Emma,Taylor,26,emma.taylor@example.com
Henry,Thomas,38,henry.thomas@example.com
Ava,Martin,31,ava.martin@example.com
Liam,White,34,liam.white@example.com